{"cameraMode":{"drawMode":0,"name":"Shaded","section":"Shading Mode"},"sceneLighting":true,"audioPlay":false,"sceneViewState":{"m_AlwaysRefresh":false,"showFog":true,"showSkybox":true,"showFlares":true,"showImageEffects":true,"showParticleSystems":true,"showVisualEffectGraphs":true,"m_FxEnabled":true},"in2DMode":false,"pivot":{"x":0.6803152561187744,"y":0.42459332942962649,"z":-0.23782134056091309},"rotation":{"x":0.2710610330104828,"y":0.005775333847850561,"z":-0.0016263893339782954,"w":0.962544322013855},"size":0.9796199202537537,"orthographic":false}